Tijuca 1,rjtijuca1@spadassobrancelhas.com.br,"Rua Conde de Bonfim, 255 - Sala 607 ",Rio de Janeiro,RJ,21,3062-0800,21,2204-0835,Inaugurada
Centro 1,rjcentro1@spadassobrancelhas.com.br,"Rua Sete de Setembro, 88 - Loja Q - Centro",Rio de Janeiro,RJ,21,2507-9887,21,2210-0694,Inaugurada
Copacabana 1,copacabana1@spadassobrancelhas.com.br,"Rua Santa Clara, 33 - Sala 416 ",Rio de Janeiro,RJ,21,2547-4549,,,Inaugurada
Barra 1,barra1@spadassobrancelhas.com.br,"Av. Marechal Henrique Lott, 333 - Bloco 2 - Sala 304",Rio de Janeiro,RJ,21,2499-3428,21,3388-5982,Inaugurada
Taquara 1,taquara1@spadassobrancelhas.com.br,"Av. Nelson Cardoso, 1.149 - Sala 710 ",Rio de Janeiro,RJ,21,3023-2130,21,2427-3723,Inaugurada
Freguesia 1,freguesia1@spadassobrancelhas.com.br,"Estrada dos Três Rios, 93 - Sala 302 ",Rio de Janeiro,RJ,21,3529-3100,21,3529-3101,Inaugurada
Bonsucesso 1,bonsucesso1@spadassobrancelhas.com.br,"Av. Guilherme Maxwell, 516 - Loja 204",Rio de Janeiro,RJ,21,2290-9380,21,3105-5492,Inaugurada
Recreio 1,recreio1@spadassobrancelhas.com.br,"Av. Alfredo Baltazar da Silveira, 580 - Loja 116 B ",Rio de Janeiro,RJ,21,2199-2059,,,Inaugurada
Largo do Machado 1,largodomachado1@spadassobrancelhas.com.br,"Rua Dois de Dezembro, 38 - Sala 105",Rio de Janeiro,RJ,21,2205-8229,,,Inaugurada
Méier 2,meier2@spadassobrancelhas.com.br,"Rua Dias da Cruz, 188 - Loja 210 ",Rio de Janeiro,RJ,21,2229-3423,,,Inaugurada
Norte Shopping 1,norteshopping1@spadassobrancelhas.com.br,"Av. Dom Helder Câmara, 5.200 - Sala 301 - Cachambi",Rio de Janeiro,RJ,21,3977-3225,,,Inaugurada
Barra 2,barra2@spadassobrancelhas.com.br,"Av. Olegário Maciel, 101 - Sala 211 ",Rio de Janeiro,RJ,21,2147-7487,21,2147-7483,Inaugurada
Copacabana 2,copacabana2@spadassobrancelhas.com.br,"Av. Nossa Senhora de Copacabana, 1.059 - Sala 204 ",Rio de Janeiro,RJ,21,3489-4684,,,Inaugurada
Setor Bueno 1,setorbueno1@spadassobrancelhas.com.br,"Av. T 4, 1.478 - Quadra 169 A - Lote 01 E - Loja 7 ",Goiânia,GO,62,3954-7950,,,Inaugurada
Caxias 1,duquedecaxias1@spadassobrancelhas.com.br,"Av. Brigadeiro Lima e Silva, 1.939 - Sala 907 - Jardim 25 de Agosto",Duque de Caxias,RJ,21,2771-9393,21,2771-5890,Inaugurada
Lourdes 1,lourdes1@spadassobrancelhas.com.br,"Rua Gonçalves Dias, 2299 - Loja 10 ",Belo Horizonte,MG,31,2526-2658,,,Inaugurada
Nova Iguaçu 1,novaiguacu1@spadassobrancelhas.com.br,"Rua Doutor Barros Júnior, 7 - Sala 206 - Centro",Nova Iguaçu,RJ,21,2797-4828,21,3027-3192,Inaugurada
Morumbi 1,morumbi1@spadassobrancelhas.com.br,"Rua Regente Leon Kaniefsky, 151 - Vila Progredior",Morumbi,SP,11,3569-8889,11,3569-9991,Inaugurada
Três Corações,trescoracoes@spadassobrancelhas.com.br,"Praça Coronel Valério de Rezende, 2 - Centro",Três Corações,MG,35,3232-4473,,,Inaugurada
Vila Velha 1,vilavelha1@spadassobrancelhas.com.br,"Av. Doutor Olivio Lira, 353 - Praia da Costa",Vila Velha,ES,27,3063-0050,,,Inaugurada
Campinas 1,campinas1@spadassobrancelhas.com.br,"Rua Conceição, 233 - Sala 2.615 - Centro",Campinas,SP,19,3307-1716,,,Inaugurada
Campinas 2,campinas2@spadassobrancelhas.com.br,"Av. Washington Luis, 2.480 - Sala AS14 - Vila Eglantina",Campinas,SP,19,3271-0800,,,Inaugurada
São Luis 1,saoluis1@spadassobrancelhas.com.br,"Av. Colares Moreira, 400 - Loja - 19 Bl.A - Jardim Renascença",São Luis,MA,98,3235-3644,98,8259-3443,Inaugurada
Campo Grande 1,campogrande1@spadassobrancelhas.com.br,"Rua Viúva Dantas, 80 - Sala - 412 ",Rio de Janeiro,RJ,21,2413-3233,,,Inaugurada
Vila São Francisco,spvilasaofrancisco1@spadassobrancelhas.com.br,"Rua Marechal Olímpio Mourão Filho, 154 - Cidade São Francisco",São Paulo,SP,11,2691-0040,11,2691-0041,Inaugurada
Vila Valqueire 1,vilavalqueire1@spadassobrancelhas.com.br,"Praça Saiqui, 40 - Sala 303 ",Rio de Janeiro,RJ,21,3593-8808,21,3593-8807,Inaugurada
Curitiba 1,curitiba1@spadassobrancelhas.com.br,"Rua Marechal Deodoro, 51 - Conjunto 1.004 B - Centro",Curitiba,PR,41,3024-1038,,,Inaugurada
Itaguaí 1,itaguai1@spadassobrancelhas.com.br,"Rua Amelia Louzada, 91 - Loja 2 - Centro",Itaguaí,RJ,21,2688-7080,,,Inaugurada
Piracicaba 1,piracicaba1@spadassobrancelhas.com.br,"Rua Santa Cruz, 652 - Sala B - Alto",Piracicaba,SP,19,3402-7617,,,Inaugurada
Barra 3,barra3@spadassobrancelhas.com.br,"Rua Bruno Giorgi,114 - Sala 227 - Shopping Rio 2 ",Rio de Janeiro,RJ,21,3649-4004,,,Inaugurada
Maringá 1,maringa1@spadassobrancelhas.com.br,"Rua Prof. Lauro Eduardo Werneck, 1.023 - Loja 3 - Zona Sete",Maringá,PR,44,3029-5900,,,Inaugurada
Gramado 1,gramado1@spadassobrancelhas.com.br,"Rua Theobaldo Fleck, 50 - Loja 01 - Centro",Gramado,RS,54,3286-6113,,,Inaugurada
Jundiaí 1,jundiai1@spadassobrancelhas.com.br,"Rua Conrado Augusto Offa, 500 - Sala 02 - Chácara Urbana/Vila Virgínia",Jundiaí,SP,11,4497-1273,,,Inaugurada
Setor Marista 1,setormarista1@spadassobrancelhas.com.br,"Rua 15, 1.041 - Quadra H - 16, Lote 05 ",Goiânia,GO,62,3626-0015,,,Inaugurada
Mococa 1,mococa1@spadassobrancelhas.com.br,"Rua Carmo Tabilerti, 615 - Centro",Mococa,SP,19,3666-2680,19,3665-7198,Inaugurada
Barra 4,barra4@spadassobrancelhas.com.br,"Av. das Américas, 7.607 - Sala 227 ",Rio de Janeiro,RJ,21,3153-1548,21,3507-2105,Inaugurada
Recreio 2,recreio2@spadassobrancelhas.com.br,"Av. das Américas, 19.019 - Sala 363 - Recreio Shopping",Rio de Janeiro,RJ,21,2490-4470,21,2490-5646,Inaugurada
Lauro de Freitas 1,laurodefreitas1@spadassobrancelhas.com.br,"Av. Praia de Itapoan, 784 - Loja 112 - Vilas do Atlântico",Salvador,BA,71,81322076,71,30122556,Inaugurada
Natal 1,natal1@spadassobrancelhas.com.br,"Rua Coronel Joaquim Manoel, 615 - Sala 1.008 - Petrópolis",Natal,RN,84,3202-1274,,,Inaugurada
Natal 2,natal2@spadassobrancelhas.com.br,"Av. Campos Sales, 609 - G - Tirol",Natal,RN,84,2226-9817,,,Inaugurada
Natal 3,natal3@spadassobrancelhas.com.br,,Natal,RN,,,,,Breve inauguração
Natal 4,natal4@spadassobrancelhas.com.br,,Natal,RN,,,,,Breve inauguração
Parnamirim 1,parnamirim1@spadassobrancelhas.com.br,,Parnamirim,RN,,,,,Breve inauguração
Campina Grande 1,campinagrande1@spadassobrancelhas.com.br,"Rua Tomas Soares Souza, 315 - Terreo - Loja 07 - Catole",Campina Grande,PB,83,3066-8986,,,Inaugurada
Teresina 1,teresina1@spadassobrancelhas.com.br,"Av. Homero Castelo Branco, 759 - B - Jóquei",Teresina,PI,86,3232-4190,,,Inaugurada
Salvador 2,salvador2@spadassobrancelhas.com.br,"Av. Antônio Carlos Magalhães,1.034 - Conjunto 106 A - Sala 313 C - Itaigara",Salvador,BA,71,3011-3439,71,3351-8406,Inaugurada
Madureira 1,madureira1@spadassobrancelhas.com.br,"Etrada do Portela, 99 - Loja 229 ",Rio de Janeiro,RJ,21,2450-4329,,,Inaugurada
Recife 1,recife1@spadassobrancelhas.com.br,"Rua Ribeiro de Brito, 830 - Loja 15 - Boa Viagem",Recife,PE,81,3465-3644,,,Inaugurada
São Bernardo 1,saobernardo1@spadassobrancelhas.com.br,"Av. Getúlio Vargas, 70 - Sala 41 - Vila Baeta Neves",São Bernardo do Campo,SP,11,4317-7003,,,Inaugurada
Niterói 1,niteroi1@spadassobrancelhas.com.br,"Rua Coronel Moreira César, 160 - Sala 1.208 - Icaraí",Niterói,RJ,21,3617 - 2517,,,Inaugurada
Tatuapé 1,tatuape1@spadassobrancelhas.com.br,"Rua Alonso Calhamares, 8 - Jardim Anália Franco",São Paulo,SP,11,2268-2305,,,Inaugurada
Belém 1,belem1@spadassobrancelhas.com.br,"Rua TV Benjamim Constant, 727 - Loja 5 - Reduto",Belém,PA,91,3222-0036,,,Inaugurada
Gama 1,gama1@spadassobrancelhas.com.br,Quadra Q 41 - Lote 12 - Loja B - Setor Leste Gama,Brasília,DF,61,3254.4141,61,9939-7440,Inaugurada
Sorocaba 1,sorocaba1@spadassobrancelhas.com.br,"Rua Salvador Corrêa, 670 - Jardim Vergueiro",Sorocaba,SP,15,3034-0793,15,3034-0796,Inaugurada
Savassi 1,savassi1@spadassobrancelhas.com.br,"Rua Alagoas, 1.314 - Loja 21 - Funcionários",Belo Horizonte,MG,31,3261-0207,,,Inaugurada
Bh Centro 1,centro1@spadassobrancelhas.com.br,"Rua dos Tupis, 343 - Sala 701",Belo Horizonte,MG,31,3226-9896,,,Inaugurada
São Luis 2,saoluis2@spadassobrancelhas.com.br,"Av. dos Holandeses,100 - Edifício Barra Center - Sala 26 - Calhau",São Luis,MA,98,3083-0868,,,Inaugurada
Ilha do Governador 1,ilhadogovernador1@spadassobrancelhas.com.br,"Estrada do Galeão, 2.701 - Sala 705 - Portuguesa",Rio de Janeiro,RJ,21,3353-8180,,,Inaugurada
Centro 2,rjcentro2@spadassobrancelhas.com.br,"Rua Senador Dantas, 7 - Pavimento 2 Sala 202 ",Rio de Janeiro,RJ,21,2524-0423,,,Inaugurada
Campos 1,rjcampos1@spadassobrancelhas.com.br,"Rua Voluntários ds Pátria, 426 - Loja 21 - Centro",Campos dos Goytacazes,RJ,22,2737-7520,22,9888-2844,Inaugurada
Tijuca 2,tijuca2@spadassobrancelhas.com.br,"Av. Maracanã, 987 - Bloco 2 - Sala 703 ",Rio de Janeiro,RJ,21,3174-6060,,,Inaugurada
Manaus 1,manaus1@spadassobrancelhas.com.br,"Av. João Valério,148 - Térreo - Sala 3 - Norte Shopping CB - Nossa Senhora das Graças",Manaus,AM,92,3342-6162,,,Inaugurada
Mooca 1,mooca1@spadassobrancelhas.com.br,"Av. Paes de Barros, 1.831 ",São Paulo,SP,11,2021-4170,,,Inaugurada
Juiz de Fora 1,juizdefora1@spadassobrancelhas.com.br,"Rua Marechal Deodoro, 444 - Loja 317 - Centro",Juiz de Fora,MG,32,3214-7719,,,Inaugurada
Taubaté 1,taubate1@spadassobrancelhas.com.br,"Rua Jacques Félix, 466 - Centro",Taubaté,SP,12,3432-0420,12,34320430,Inaugurada
Blumenau 1,blumenau1@spadassobrancelhas.com.br,"Rua Theodoro Holtrup, 215 - Loja 01 - Vila Nova",Blumenau,SC,47,3037-3191,,,Inaugurada
Barreiras 1,barreiras1@spadassobrancelhas.com.br,"Rua Professor Guiomar Porto, 670 - Centro",Barreiras,BA,77,3612-6419,77,9923-6449,Inaugurada
Londrina 1,londrina1@spadassobrancelhas.com.br,"Av. Higienópolis, 37 - Loja A - Centro",Londrina,PR,43,3355-3190,,,Inaugurada
Camburiú 1,camboriu1@spadassobrancelhas.com.br,"Av. Alvin Bauer, 310 - Sala Superior 04 - Centro",Santa Catarina,SC,47,3367-2726,,,Inaugurada
Recife 2,recife2@spadassobrancelhas.com.br,"Av. Domingues Ferreira, 2.215 - Loja 05 - Boa Viagem",Recife,PE,81,3075-2507,,,Inaugurada
Porto Alegre 1,portoalegre1@spadassobrancelhas.com.br,"Rua Doutor Flores, 327 - Loja 05 - Centro Histórico",Porto Alegre,RS,51,3029-9997,,,Inaugurada
Macaé 1,macae1@spadassobrancelhas.com.br,"Av. Nossa Senhora da Glória, 2.415 - Sala 01 - Cavaleiros",Macaé,RJ,22,2773-5497,,,Inaugurada
Uberlândia 1,uberlandia1@spadassobrancelhas.com.br,"Av. João Pinheiro, 393 - Centro",Uberlândia,MG,34,3219-6716,,,Inaugurada
Sudoeste 1,sudoeste1@spadassobrancelhas.com.br,"Quadra SHC/SW CLSW, 301 - Bloco C - Loja 106 ",Brasília,DF,61,3051-1200,,,Inaugurada
Recife 3,recife3@spadassobrancelhas.com.br,"Av. Conselheiro Rosa e Silva, 670 - Loja 09 - Aflitos",Recife,PE,81,3039-0132,,,Inaugurada
Cohama 2,macohama2@spadassobrancelhas.com.br,"Av. Daniel De La Touche, 500 - Loja 11 ",São Luis,MA,98,3226-0169,,,Inaugurada
Alphaville 1,spalphaville1@spadassobrancelhas.com.br,"Out das Violetas, 218 - Térreo - Alphaville Comercial",Barueri,SP,11,4191-9454,,,Inaugurada
Bangu,rjbangu@spadassobrancelhas.com.br,"Av. Cônego de Vasconcelos, 30 - Sala 304 - Calçadão",Rio de Janeiro,RJ,21,3332-1442,,,Inaugurada
Porto Velho 1,portovelho1@spadassobrancelhas.com.br,"Av. Campos Sales, 3521 - Sala C - Olaria",Porto Velho,RO,69,4141-2231,,,Inaugurada
Manaus 2,manaus2@spadassobrancelhas.com.br,"Rua Plácido de Castro, 186 - Conjunto D. Pedro - Dom Pedro I",Manaus,AM,92,3877-7847,,,Inaugurada
Vila Olímpia 1,vilaolimpia1@spadassobrancelhas.com.br,"Av. Doutor Cardoso de Melo, 1.671 ",São Paulo,SP,11,3044 3035,11,3044 02901,Inaugurada
Moema 1,moema1@spadassobrancelhas.com.br,"Alameda dos Tupiniquins, 686",São Paulo,SP,11,4561-1666,11,4561-1667,Inaugurada
Fortaleza 1,fortaleza1@spadassobrancelhas.com.br,"R Doutor Gilberto Studart, 155 - Lojas 42 E 43 - Subsolo - Coco",Fortaleza,CE,85,3032-0606,,,Inaugurada
Osasco 1,osasco1@spadassobrancelhas.com.br,,Osasco,SP,,,,,Breve inauguração
Niterói 2,niteroi2@spadassobrancelhas.com.br,"Rua da Conceição, 95 - Sala 805 - Centro",Niterói,RJ,21,2719-1913,,,Inaugurada
Mogi 1,mogi1@spadassobrancelhas.com.br,"Rua Barão de Jaceguai, 1.299 - Centro",Mogi das Cruzes,SP,11,4312-2029,11,4312-2033,Inaugurada
Rio Branco 1,riobranco1@spadassobrancelhas.com.br,"Rua Alexandre Farhat, 12 - Ipase",Rio Branco,AC,68,3224-1539,68,32234890,Inaugurada
Barueri 1,barueri1@spadassobrancelhas.com.br,"Av. Sagitário, 138 - Alpha Square Mall - Loja 02 Térreo - Alphaville Conde Ii",Barueri,SP,11,4195-3910,,,Inaugurada
Ceilândia 1,ceilandia1@spadassobrancelhas.com.br,Quadra QNM 01 - Conjunto H - Lote 40 - Sala 104 ,Brasília,DF,61,3965-1070,61,3010-1070,Inaugurada
Nova América 1,novaamerica1@spadassobrancelhas.com.br,"Av. Pastor Martin Luther King Jr, 126 - Bloco 1 Sala 341 A - Del Castilho",Rio de Janeiro,RJ,21,3298-4472,21,9325-1411,Inaugurada
Porto Alegre 2,portoalegre2@spadassobrancelhas.com.br,"Rua Mostardeiro, 333 - Sala 121 - Rio Branco",Porto Alegre,RS,51,3516-6901,,,Inaugurada
Taquara 2,taquara2@spadassobrancelhas.com.br,,Rio de Janeiro,RJ,,,,,Breve inauguração
Florianópolis 1,florianopolis1@spadassobrancelhas.com.br,"Rua Altamiro Guimarães, 260 - Andar 1 - Sala 13 - Centro",Florianópolis,SC,48,3333-2599,,,Inaugurada
Rio Preto 1,spriopreto1@spadassobrancelhas.com.br,"Rua General Glicério, 4560 - Sala E - Centro",São José do Rio Preto,SP,17,3308-3058,,,Inaugurada
Setor Sul 1,gosetorsul1@spadassobrancelhas.com.br,"Rua Dr. Olinto Manso Pereira, 383 - Lote 30 - Loja 03 ",Goiânia,GO,62,3218- 5977,,,Inaugurada
Ouro Preto 1 ,bhouropreto1@spadassobrancelhas.com.br,"Rua Brasiléia, 50 - Loja 35 ",Ouro Preto,MG,31,4141-7770,,,Inaugurada
Guarulhos 1,guarulhos1@spadassobrancelhas.com.br,"Rua Doutor Ramos de Azevedo, 159 - 8°  - Sala 802 - Centro",Guarulhos,SP,11,4378-1238,,,Inaugurada
Recife 4,recife4@spadassobrancelhas.com.br,"Rua Inácio de Souza Morais, 65 - Sala 201 - Piedade",Jaboatão dos Guararapes,PE,81,3071-1017,,,Inaugurada
Tatuapé 2,tatuape2@spadassobrancelhas.com.br,"Rua Ururaí, 18 ",São Paulo,SP,11,4561-2436,,,Inaugurada
Santos 1,santos1@spadassobrancelhas.com.br,"Av. Pedro Lessa, 1.920 - Sala 57 - Aparecida",Santos,SP,13,3327-1500,,,Inaugurada
Lauro de Freitas 2,laurodefreitas2@spadassobrancelhas.com.br,"Av. Santos Dumont, Quadra Única, 6.216 - Sala 208/209 - Lote Diver - Estrada do Coco",Lauro de Freitas,BA,71,3289-5641,,,Inaugurada
Fortaleza 2,fortaleza2@spadassobrancelhas.com.br,"Av. Desembargador Gonzaga, 1.235 - Cidade dos Funcionários",Fortaleza,CE,,,,,Inaugurada
Tatuapé 3,tatuape3@spadassobrancelhas.com.br,"Rua Serra de Juréa, 560 - Cidade Mãe do Céu",São Paulo,SP,11,2227-2640,,,Inaugurada
Manaíra 1,pbmanaira1@spadassobrancelhas.com.br,"Av. General Edson Ramalho - Sala 105, 275 - Esquina c/ a Rua Manoel M. - Manaíra",João Pessoa,PB,83,3578-4392,,,Inaugurada
Cabo Frio 1,cabofrio1@spadassobrancelhas.com.br,"Rua Antônio Feliciano de Almeida, 22 - Loja 06 - Passagem",Cabo Frio,RJ,22,2645-2421,,,Inaugurada
Brooklin 1,spbrooklin1@spadassobrancelhas.com.br,"Rua Ribeiro do Vale, 562 - Brooklin Paulista",São Paulo,SP,11,4561-5473,11,4561-5474,Inaugurada
Uberaba 1,uberaba1@spadassobrancelhas.com.br,"Av. Santos Dumont, 138 - Loja 01 - Centro",Uberaba,MG,34,3334-0102,,,Inaugurada
Criciúma 1,sccriciuma1@spadassobrancelhas.com.br,"Rua Celestina Zilli Rovaris, 155 - Sala 03 - Centro",Criciúma,SC,48,34136222,,,Inaugurada
Uberlândia 2,uberlandia2@spadassobrancelhas.com.br,"Av. Francisco Galassi, 990 - Morada da Colina",Uberlândia,MG,34,3210-3094,34,9100-3020,Inaugurada
Lago Norte 1,dflagonorte1@spadassobrancelhas.com.br,Quadra Q SHI/N - Casa 5 - Lote C3 - 105 - Bloco C3 - Loja - Lago Norte,Brasília,DF,61,3468-1970,,,Inaugurada
Londrina 2,londrina2@spadassobrancelhas.com.br,"Rua Goiás, 1.328 - Loja 08 - Centro",Londrina,PR,43,3327-0445,,,Inaugurada
Londrina 3,londrina3@spadassobrancelhas.com.br,"Av. Saul Elkind, 2.266 - Sala 05 - Jardim Viena",Londrina,PR,43,3327-0446,,,Inaugurada
Londrina 4,londrina4@spadassobrancelhas.com.br,"Av. Maringá, 920 - Vila Judith",Londrina,PR,43,3327-0444,,,Inaugurada
Londrina 5,londrina5@spadassobrancelhas.com.br,,Londrina,PR,,,,,Breve inauguração
Balsas 1,mabalsas1@spadassobrancelhas.com.br,,Balsas,MA,,,,,Breve inauguração
Rio Verde 1,gorioverde1@spadassobrancelhas.com.br,,Rio Verde,GO,,,,,Breve inauguração
Rio Verde 2,gorioverde2@spadassobrancelhas.com.br,,Rio Verde,GO,,,,,Breve inauguração
Araguaína 1,araguaina1@spadassobrancelhas.com.br,,Araguaína,TO,,,,,Breve inauguração
Palmas 1,topalmas1@spadassobrancelhas.com.br,,Palmas,TO,,,,,Breve inauguração
Palmas 2,topalmas2@spadassobrancelhas.com.br,,Palmas,TO,,,,,Breve inauguração
Vila da Penha 1,viladapenha1@spadassobrancelhas.com.br,,Rio de Janeiro,RJ,,,,,Breve inauguração
Cuiabá 1,cuiaba1@spadassobrancelhas.com.br,"Av. São Sebastião, 3.055 - Sala 07 - Quilombo",Cuiabá,MT,65,3637-6803,65,9986-9992,Inaugurada
Porto Velho 2,portovelho2@spadassobrancelhas.com.br,"Av. Calama, 4.203 - Sala 05 - Embratel",Porto Velho,RO,69,3222-5316,,,Inaugurada
Betim 1,mgbetim1@spadassobrancelhas.com.br,"Av. Nossa Senhora do Carmo, 252 - Loja A - Centro",Betim,MG,31,3532-0419,,,Inaugurada
Ipanema 1,ipanema1@spadassobrancelhas.com.br,"Rua Visconde de Pirajá, 540 - Loja 311 - Ipanema",Rio de Janeiro,RJ,21,2249-6330,,,Inaugurada
Macaé 2,macae2@spadassobrancelhas.com.br,,Macaé ,RJ,,,,,Breve inauguração
Vila Isabel 1,vilaisabel1@spadassobrancelhas.com.br,"Av. Boulevard Vinte e Oito de Setembro, 313/315 - Sobrado ",Rio de Janeiro,RJ,21,3495-8728,,,Inaugurada
Sorocaba 2,sorocaba2@spadassobrancelhas.com.br,"R Aparecida, 295 - Vila Santana",Sorocaba,SP,15,3346-5813,,,Inaugurada
Centro 3,rjcentro3@spadassobrancelhas.com.br,"Av. Presidente Vargas, 542 - Sobreloja 1.615 ",Rio de Janeiro,RJ,21,3176-3678,,,Inaugurada
Anil 1,anil1@spadassobrancelhas.com.br,"Av. Engenheiro Sousa Filho, 1.000 - Loja 16 e 17 - Jacarepaguá",Rio de Janeiro,RJ,21,4107-3613,21,98013492,Inaugurada
Vila Mariana 1,vilamariana1@spadassobrancelhas.com.br,"Rua Luís Góis, 1.499 - Mirandópolis",São Paulo,SP,11,2359-6882,11,2359-9240,Inaugurada
Leblon,leblon1@spadassobrancelhas.com.br,"Av. Ataulfo de Paiva, 1.079 - Loja 105 - Subsolo ",Rio de Janeiro,RJ,21,2529-8890,,,Inaugurada
Recife 5,recife5@spadassobrancelhas.com.br,,Recife,PE,,,,,Breve inauguração
Vitória 1,vitoria1@spadassobrancelhas.com.br,,Vitória ,ES,,,,,Breve inauguração
Camorim 1,camorim1@spadassobrancelhas.com.br,,Rio de Janeiro,RJ,,,,,Breve inauguração
Juazeiro do Norte,juazeironorte1@spadassobrancelhas.com.br,"Av. Castelo Branco, 87 - Loja 95 - Santa Tereza",Juazeiro do Norte,CE,88,3512-4324,88,9687-8569,Inaugurada
Teófilo 1,mgteofilo1@spadassobrancelhas.com.br,"Rua Pastor Hollerbach, 269 - Grão Pará",Minas Gerais,MG,33,3522-2366,,,Inaugurada
Americana 1,americana1@spadassobrancelhas.com.br,"Rua Herman Müller Carioba, 155 - Jardim Girassol",Americana,SP,19,3043-9898,,,Inaugurada
Gravataí 1,rsgravatai1@spadassobrancelhas.com.br,"Av. José Loureiro da Silva, 1.838 - 2º - Centro",Gravataí,RS,51,3043-5513,,,Inaugurada
Botucatu 1,spbotucatu1@spadassobrancelhas.com.br,"Rua Floriano Simões, 127 - Vila dos Lavradores - Chácara Paraíso ",Botucatu,SP,14,3354-5394,,,Inaugurada
Boa Vista 1,rrboavista1@spadassobrancelhas.com.br,"Av. Santos Dumont, 2.322 - A - 31 de Março",Boa Vista,RR,95,3624-1856,,,Inaugurada
Prado 1,bhprado1@spadassobrancelhas.com.br,"Av. Amazonas, 2.904 - Loja 115 ",Belo Horizonte,MG,31,2516-9824,,,Inaugurada
Fortaleza 3,fortaleza3@spadassobrancelhas.com.br,,Fortaleza,CE,,,,,Breve inauguração
Perdizes 2,spperdizes2@spadassobrancelhas.com.br,"Rua Wanderley, 397 - Salão ",São Paulo,SP,11,2338-6664,,,Inaugurada
Botafogo 1,rjbotafogo1@spadassobrancelhas.com.br,"Rua Voluntários ds Pátria, 45 - Loja 107 - Botafogo",Rio de Janeiro,RJ,21,2527-2663,21,3128-5074,Inaugurada
Bonsucesso 2,rjbonsucesso2@spadassobrancelhas.com.br,"Rua Júlio Ribeiro, 63",Rio de Janeiro,RJ,21,3591-1522,,,Inaugurada
Castelo 1,bhcastelo1@spadassobrancelhas.com.br,"Rua Romualdo Lopes Cancado, 125 - Loja 205 ",Minas Gerais,MG,31,2516-8279,,,Inaugurada
Sete Lagoas 1,mgsetelagoas1@spadassobrancelhas.com.br,"Rua José Duarte de Paiva, 246 - Loja 03 - Centro",Sete Lagoas,MG,31,3775-0553,,,Inaugurada
Expedicionários 1,pexpedicionarios1@spadassobrancelhas.com.br,"Rua Marechal Esperidião Rosas, 76 - Sala A - Expedicionários",João Pessoa,PB,83,3512-2995,,,Inaugurada
São José dos Campos 1,spsjcampos1@spadassobrancelhas.com.br,"Av Doutor Adhemar De Barros, 547 - Sala 1 E 2 - Jardim São Dimas",Morumbi,SP,12,3307-7672,,,Inaugurada
São Luis 4,masaoluis4@spadassobrancelhas.com.br,"Av. dos Holandeses, 8 - Sala 07 - Quadra 06 - Holandeses Center - Calhau",São Luis,MA,98,3199-9945,,,Inaugurada
Imperatriz 1,maimperatriz1@spadassobrancelhas.com.br,,Imperatriz,MA,,,,,Breve inauguração
Contagem 1,mgcontagem1@spadassobrancelhas.com.br,"Rua Tamarindos, 40 - Loja 04 - Eldorado",Contagem,MG,31,3352-2783,31,8598-7222,Inaugurada
Buritis 1,mgburitis1@spadassobrancelhas.com.br,"Av. Professor Mario Werneck, 1.270 - Loja 13 ",Belo Horizonte,MG,31,3047-0841,,,Inaugurada
Perdizes 1,spperdizes1@spadassobrancelhas.com.br,"Rua Desembargador do Vale, 287 ",São Paulo,SP,11,2389-5806,11,2386-5780,Inaugurada
Vila Romana 1,spvilaromana1@spadassobrancelhas.com.br,"Rua Caio Graco, 393",São Paulo,SP,11,2384-4797,,,Inaugurada
Nilópolis 1,rjnilopolis1@spadassobrancelhas.com.br,"Estrada Mirandela, 151 - Sala 210 - Centro",Nilópolis,RJ,21,2791-0939,,,Inaugurada
Curitiba 2,curitiba2@spadassobrancelhas.com.br,"Rua Brigadeiro Franco, 3342 - Sobreloja 4 - Centro",Curitiba,PR,41,3528-8113,,,Inaugurada
Vila Leopoldina 1,spvilaleopoldina1@spadassobrancelhas.com.br,"Rua Nanuque, 554 ",São Paulo,SP,11,2805-4652,,,Inaugurada
Vila Ises 1,cgvilaises1@spadassobrancelhas.com.br,"Rua Euclides da Cunha, 538 ",Campo Grande,MS,67,3211-9554,,,Inaugurada
Cascavel 1,prcascavel1@spadassobrancelhas.com.br,"Rua Presidente Kennedy, 1.108 - Centro",Cascavel,PR,45,3038-8988,,,Inaugurada
Tucuruvi 1,sptucuruvi1@spadassobrancelhas.com.br,"Av. Nova Cantareira, 1.320",São Paulo,SP,11,2281-8168,,,Inaugurada
Camaçari 1,bacamacari1@spadassobrancelhas.com.br,"Av. Rio Camaçari, 3 - Camaçari de Dentro",Camaçari,BA,71,3040-1222,,,Inaugurada
Maceió 1,almaceio1@spadassobrancelhas.com.br,"Rua Deputado José Lages, 972 - Sala 001 Galeria Comercial - Ponta Grossa",Maceió,AL,82,3432-0981,82,9105-6970,Inaugurada
Alto de Pinheiros 1,spaltodepinheiros1@spadassobrancelhas.com.br,"Rua Pascoal Vita, 276 - Loja 4 e 5 - Vila Madalena",São Paulo,SP,11,3034-6126,11,3034-2878,Inaugurada
Lapa 1,rjlapa1@spadassobrancelhas.com.br,"Rua André Cavalcanti, 41 - Sobreloja 211 - Centro",Rio de Janeiro,RJ,21,2507-3915,,,Inaugurada
Campos 2,rjcampos2@spadassobrancelhas.com.br,"Rua Governador Teotônio Ferreira de Araújo, 75 - Loja C - Centro",Campos dos Goytacazes,RJ,22,2738-0584,,,Inaugurada
2 Bangu,rj2bangu@spadassobrancelhas.com.br,"Rua Fonseca, 240 - Sobreloja 216 C - Bangu Shopping",Rio de Janeiro,RJ,21,3423-9403,,,Inaugurada
Jardins 1,spjardins1@spadassobrancelhas.com.br,"Alameda Tietê, 43 - Loja 11 - Cerqueira César",São Paulo,SP,11,2848-8033,,,Inaugurada
Vila Guarani 1,spvilaguarani1@spadassobrancelhas.com.br,"Av. Diederichsen, 1.256 ",São Paulo,SP,11,3582-2010,,,Inaugurada
Treze de Julho 1,setrezedejulho1@spadassobrancelhas.com.br,"Rua José Ramos da Silva, 228 - Sala 14 - Pavimento Superior ",Aracajú,SE,79,3024-4007,,,Inaugurada
Belém 2,belem2@spadassobrancelhas.com.br,"Rua Veiga Cabral, 1.145 - Loja 4 - Batista Campos",Belém,PA,91,3230-4441,,,Inaugurada
Belvedere 1,bhbelvedere1@spadassobrancelhas.com.br,"Av. Luiz Paulo Franco, 500 - Loja 7, 1 S ",Belo Horizonte,MG,31,3047-0402,,,Inaugurada
Imperatriz 2,maimperatriz2@spadassobrancelhas.com.br;,"Rua Godofredo Viana, 625 - Centro",Imperatriz,MA,99,3525-2613,,,Inaugurada
Rio Vermelho,bariovermelho@spadassobrancelhas.com.br,"Rua Fonte do Boi, 176 - Ed Fonte do Boi - Loja 7 ",Salvador,BA,71,3506-1454,,,Inaugurada
Forteleza 5,fortaleza5@spadassobrancelhas.com.br,"Rua Érico Mota, 266 - Loja 268 - Parquelândia",Fortaleza,CE,85,3025-0560,85,8587-991737,Inaugurada
Fortaleza 4,fortaleza4@spadassobrancelhas.com.br,,Fortaleza,AC,,,,,Breve inauguração
Fortaleza 6,fortaleza6@spadassobrancelhas.com.br,,Fortaleza,AC,,,,,Breve inauguração
Teresina 2,teresina2@spadassobrancelhas.com.br,,Teresina,PI,,,,,Breve inauguração
São Gonçalo 1,saogoncalo1@spadasobrancelhas.com.br,"Praça Doutor Luiz Palmier, 53 - Sala 205 - Centro",São Gonçalo,RJ,21,3857-4990,21,3857-5664,Inaugurada
Guaratinguetá 1,spguaratingueta1@spadassobrancelhas.com.br,"Av. Presidente Vargas, 567 - Vila Paraíba",Guaratinguetá,SP,12,3013-6595,12,3013-6594,Inaugurada
Salvador 4,salvador4@spadassobrancelhas.com.br,"Av. Oceânica, 409 - Loja 06 - Ed Farol Barra Flat - Barra",Salvador,BA,71,3494-1023,,,Inaugurada
Vitória da Conquista 1,bavitoriadaconquista1@spadassobrancelhas.com.br,"Rua Lourival Cairo, 951 - Recreio",Imperatriz,BA,77,3084-0466,,,Inaugurada
Jaboatão dos Guararapes 1,pejaboataodosguararapes1@spadassobrancelhas.com.br,"Av. Bernardo Vieira de Melo, 1.243 - Loja 007 - Piedade",Jaboatão dos Guararapes,PE,81,3203-9976,81,,Inaugurada
Vista Alegre 1,rjvistaalegre1@spadassobrancelhas.com.br,,Rio de Janeiro,RJ,,,,,Breve inauguração
Campo Belo 1,spcampobelo1@spadassobrancelhas.com.br,"Rua João Álvares Soares, 1.216 ",São Paulo,SP,11,3895-3446,11,3895-8046,Inaugurada
Araçatuba 1,sparacatuba1@spadassobrancelhas.com.br,"Rua Cussy de Almeida Júnior, 1640 - Higienópolis",Araçatuba,SP,18,3301-3394,,,Inaugurada
Volta Redonda 1,rjvoltaredonda1@spadassobrancelhas.com.br,"Rua Quarenta, 8 - Sala 911 - Vila Santa Cecília",Volta Redonda,RJ,24,3343-4818,,,Inaugurada
Santo André 1,spsantoandre1@spadassobrancelhas.com.br,"Rua Dona Elisa Fláquer, 70 - Sala 156 - Centro",Santo André,SP,11,2324-8548,,,Inaugurada
Maceió 2,almaceio2@spadassobrancelhas.com.br,"Av. Comendad Gustavo Paiva, 2.789 - Sala 25, Ed. Norcon Empresarial - Mangabeiras",Maceió,AL,82,3432-3782,,,Inaugurada
Asa Norte 1,dfasanorte1@spadassobrancelhas.com.br,"OUT Q CLN, 103 - Bl B, Loja 10 ",Brasília,DF,61,3034-3150,,,Inaugurada
Olinda 1,peolinda1@spadassobrancelhas.com.br,"Av. Gov Carlos Lima Cavalcante, 2.821 - Loja 10 A - Galeria 29 Março - Bairro Novo",Olinda,PE,81,3431-3142,,,Inaugurada
Santana 1,spsantana1@spadassobrancelhas.com.br,"Rua Amaral Gama, 48 - Santana",São Paulo,SP,11,2768-4201,11,2768-4204,Inaugurada
Teresina 3,teresina3@spadassobrancelhas.com.br,"Rua Vinte e Quatro de Janeiro, 1.692 - Centro ",Teresina,PI,86,3304-3257,,,Inaugurada
Ribeirão Preto 1,spribeiraopreto1@spadassobrancelhas.com.br,"Rua Altino Arantes, 1.170 - Loja 05 - Jardim Sumaré",Ribeirão Preto,SP,16, 3446-3262,,,Inaugurada
Garibaldi 1,bagaribaldi1@spadassobrancelhas.com.br,"Rua Eduardo José Santos, 147 - Loja 1 - Edifício Fernando Filgueiras - Rio Vermelho",Salvador,BA,71,3237- 1288,,,Inaugurada
Vila Madalena 1,spvilamadalena1@spadassobrancelhas.com.br,"Rua Cardeal Arcoverde, 1.573 - Pinheiros",São Paulo,SP,11,2579-5370,11,2579-5371,Inaugurada
Pouso Alegre 1,mgpousoalegre1@spadassobrancelhas.com.br,"Rua Professor Monsenhor Mendonça, 133 - Loja 05 - Centro",Pouso Alegre,MG,35,3421-7387,,,Inaugurada
Águas Claras 1,dfaguasclaras1@spadassobrancelhas.com.br,,Brasília,DF,,,,,Breve inauguração
Maringá 2,maringa2@spadassobrancelhas.com.br,"Rua Octavio Perioto, 136 - Loja 07 - Zona 01",Maringá,PR,44,3028-1300,44,3305-6361,Inaugurada
Paraíso 1,spparaiso1@spadassobrancelhas.com.br,"Rua Pirapora, 16 - Piso Superior - Conjunto 04 - Vila Mariana",São Paulo,SP,11, 3467-0256,3467-0266,,Inaugurada
Petrópolis 1,rjpetropolis1@spadassobrancelhas.com.br,"Rua Dezesseis de Março, 325 - Sala 09 - Travessa Cristal - Centro",Petrópolis,RJ,24,2243 0597,,,Inaugurada
Vargem Pequena 1,rjvargempequena1@spadassobrancelhas.com.br,"Estrada dos Bandeirantes, 15.076 - Loja 146 ",Rio de Janeiro,RJ,21,3594-7778,,,Inaugurada
CG Centro 1,cgcentro1@spadassobrancelhas.com.br,"Rua Pedro Celestino, 1.845 - Centro",Campo Grande,MS,67,3211-8614,,,Inaugurada
Ponta Grossa 1,prpontagrossa1@spadassobrancelhas.com.br,"Rua Jacob Holzmann, 333 - Sala 58 - Vila Olarias",Ponta Grossa,PR,42,3223-9842,,,Inaugurada
Vila Mascote 1,spvilamascote1@spadassobrancelhas.com.br,"Rua Itagyba Santiago, 603 - Vila Alexandria",São Paulo,SP,11,2305-2262,11,2305-2686,Inaugurada
Portão 1,prportao1@spadassobrancelhas.com.br,"Rua João Bettega, 345 ",Curitiba,PR,41,3209-0808,41,9199-1198 (tim),Inaugurada
Jardim Satélite 1,spjardimsatelite1@spadassobrancelhas.com.br,"Av. Andrômeda, 2.448 - Cidade Satélite - Santa Bárbara",São Paulo,SP,12,3209-8949,,,Inaugurada
Teresópolis 1,rjteresopolis1@spadassobrancelhas.com.br,,Teresópolis,RJ,,,,,Breve inauguração
Novo Hamburgo 1,rsnovohamburgo1@spadassobrancelhas.com.br,"Rua Joaquim Pedro Soares, 499 - Centro",Novo Hamburgo,RS,51,3279-8001,,,Inaugurada
Umuarama 1,prumuarama1@spadassobrancelhas.com.br,"Rua Ministro Oliveira Salazar, 5.304 - Sala 01, Zona LI - Zona LI",Umuarama,PR,44,3622- 1508,44,9984-8908,Inaugurada
Cohatrac 1,macohatrac1@spadassobrancelhas.com.br,"Av. Contorno Sul, 57 - Quadra 26 - Sala 05 - Edif: Tom Jobim ",São Luis,MA,98,3239-4268,98,3238-6538,Inaugurada
Sulacap 1,rjsulacap1@spadassobrancelhas.com.br,,Rio de Janeiro,RJ,,,,,Breve inauguração
São Bernardo do Campo 2,spsaobernardodocampo2@spadassobrancelhas.com.br,,São Bernardo do Campo,SP,,,,,Breve inauguração
Cerqueira César 1,spcerqueiracesar1@spadassobrancelhas.com.br,"Rua Itapeva, 286 - Conjunto 45 - Bela Vista",São Paulo,SP,11,3284-1987,11,3253-1981,Inaugurada
São Cristovão 1,rjsaocristovao1@spadassobrancelhas.com.br,"Rua São Luís Gonzaga, 286 ",Rio de Janeiro,RJ,21,3890-3963,21,3890-3168,Inaugurada
Batel 1,prbatel1@spadassobrancelhas.com.br,,Curitiba,PR,,,,,Breve inauguração
Praia Grande 1,sppraiagrande1@spadassobrancelhas.com.br,,Governador Valadares,SP,,,,,Inaugurada
Imbuí 1,baimbui1@spadassobrancelhas.com.br,"Av Jorge Amado, 2.510 - Loja 108 ",Salvador,BA,71,3473-6301,,,Inaugurada
Ipatinga 1,mgipatinga1@spadassobrancelhas.com.br,"Rua Juiz de Fora, 52 - Loja 3 - Centro",Ipatinga,MG,31,3821-3828,,,Inaugurada
Jardim da Saúde 1,spjardimdasaude1@spadassobrancelhas.com.br,,São Paulo,SP,,,,,Breve inauguração
Dourados 1,msdourados1@spadassobrancelhas.com.br,"Rua Ponta Porã, 1.357 - Sala 04 - Jardim Bara",Dourados,MS,67,3021-1573,,,Inaugurada
Parque 10 de Novembro,amparquedezdenovembro@spadassobrancelhas.com.br,"Av. Carlota Joaquina, 180",Manaus,AM,92, 3343-5101,,,Inaugurada
Vila Prudente 1,spvilaprudente1@spadassobrancelhas.com.br,,São Paulo,SP,,,,,Breve inauguração
Praça Seca 1,rjpracaseca1@spadassobrancelhas.com.br,"Rua Baronesa, 613 - Sala 202",Rio de Janeiro,RJ,21,3649-1248,,,Inaugurada
Gávea 1,rjgavea1@spadassobrancelhas.com.br,"Rua Marquês de São Vicente, 124 - Loja 121 Trade Center ",Rio de Janeiro,RJ,21,3174-1157,,,Inaugurada
Realengo 1,rjrealengo1@spadassobrancelhas.com.br,,Rio de Janeiro,RJ,,,,,Breve inauguração
Taubaté 2,sptaubate2@spadassobrancelhas.com.br,"Av. Independência, 362 - Sala 1 - Vila Jaboticabeira",Taubaté,SP,12,3432-3432,,,Inaugurada
Duque de Caxias 2,rjduquedecaxias2@spadassobrancelhas.com.br,"Av. Doutor Manuel Teles, 77 - Sala 804 - Centro",Duque de Caxias,RJ,21,3842-5579,21,3842-7779,Inaugurada
Alcântara 1,rjalcantara1@spadassobrancelhas.com.br,"Rua Iolanda Saad Abuzaid, 150 - Sala 811 ",São Gonçalo,RJ,21,2614-4406,21,2601-8807,Inaugurada
Limeira 1,splimeira1@spadassobrancelhas.com.br,,Limeira,SP,,,,,Breve inauguração
Ipiranga 1,spipiranga1@spadassobrancelhas.com.br,,São Paulo,AC,,,,,Breve inauguração
Vila Aurora 1,mtvilaaurora1@spadassobrancelhas.com.br,,Rondonópolis,MT,,,,,Breve inauguração
Alto XV,praltodaxv@spadassobrancelhas.com.br,"Av. Souza Neves, 883 - Loja 01 - Cristo Rei",Curitiba,PR,41,3319-8793,41,9692-6943 TIM,Inaugurada
Chapecó 1,scchapeco1@spadassobrancelhas.com.br,"Rua Rui Barbosa, 50 E - Centro",Chapecó,SC,49,3304-0040,,,Inaugurada
Barra 5,rjbarra5@spadassobrancelhas.com.br,,Rio de Janeiro,RJ,,,,,Breve inauguração
Ribeirão Preto 2,spribeiraopreto2@spadassobrancelhas.com.br,"Rua Antônio Deloiágono, 444 - Loja 04 - Vila Ana Maria",Ribeirão Preto,SP,16,3623-4263,,,Inaugurada
Taguatinga 1,dftaguatinga1@spadassobrancelhas.com.br,,Brasília,DF,,,,,Breve inauguração
Bigorrilho 1,prbigorrilho1@spadassobrancelhas.com.br,"Rua Padre Anchieta, 2.454 - Sala 14 (Ed. West Center Comercial)",Curitiba,PR,41, 3521-0053,,,Inaugurada
Barreiro 1,bhbarreiro1@spadassobrancelhas.com.br,"Rua Alcindo Vieira, 210 - Barreiro de Baixo",Belo Horizonte,MG,31,3047-8873,,,Inaugurada
Bom Retiro 1,prbomretiro1@spadassobrancelhas.com.br,,Curitiba,PR,,,,,Breve inauguração
Cabral 1,prcabral1@spadassobrancelhas.com.br,,Curitiba,PR,,,,,Breve inauguração
Madureira 2,rjmadureira2@spadassobrancelhas.com.br,"Rua Dagmar da Fonseca, 17 - Sala 501 - Madureira",Rio de Janeiro,RJ,21,3511-4329,21,3579-4329,Inaugurada
Tancredo Neves 1,batancredoneves1@spadassobrancelhas.com.br,,Salvador,BA,,,,,Breve inauguração
Vilar dos Teles 1,rjvilardosteles1@spadassobrancelhas.com.br,"Av. Automóvel Clube, 2.560 - Loja 6",São João De Meriti,RJ,21,2751-5477,,,Inaugurada
Mercês 1,prmerces1@spadassobrancelhas.com.br,,Curitiba,PR,,,,,Breve inauguração
Varginha 1,mgvarginha1@spadassobrancelhas.com.br,,Varginha,MG,,,,,Breve inauguração
Lavras 1,mglavras1@spadassobrancelhas.com.br,,Ipatinga,MG,,,,,Breve inauguração
Franca 1,spfranca1@spadasobrancelhas.com.br,,Franca,SP,,,,,Breve inauguração
Águas Claras 2,dfaguasclaras2@spadassobrancelhas.com.br,,Brasília,DF,,,,,Breve inauguração
Tijuca 3,rjtijuca3@spadassobrancelhas.com.br,,Rio de Janeiro,RJ,,,,,Breve inauguração
Campo Grande 1,bacampogrande1@spadassobrancelhas.com.br,,Salvador,BA,,,,,Breve inauguração
Sinop 1,mtsinop1@spadassobrancelhas.com.br,,Sinop,MT,,,,,Breve inauguração
Brusque 1,scbrusque1@spadassobrancelhas.com.br,,Santa Catarina,SC,,,,,Breve inauguração
Cambuí 1,spcambui1@spadassobrancelhas.com.br,"Rua Olavo Bilac, 326 - Salão Comercial 3 - Acesso pela Rua Santos Dumont, 362.",Campinas,SP,19,3291-2168,,,Inaugurada
Taguatinga Norte 1,dftaguatinganorte1@spadassobrancelhas.com.br,QNE 18 - Lote 01 - Loja 05 - Norte,Taguatinga,DF,61,3042-6655,,,Inaugurada
Taguatinga do Sul 2,dftaguatingasul2@spadassobrancelhas.com.br,,Taguatinga,DF,,,,,Breve inauguração
Formosa 1,goformosa1@spadassobrancelhas.com.br,,Formosa,GO,,,,,Breve inauguração
Parque 10 de Novembro,amparque10denovembro@spadassobrancelhas.com.br,"Av. Carlota Joaquina, 180",Manaus,AM,92,3343-5101,,,Inaugurada
Caruaru 1,pecaruaru1@spadassobrancelhas.com.br,,Caruaru,PE,,,,,Breve inauguração
Vila Ipojuca 1,spvilaipojuca1@spadassobrancelhas.com.br,,São Paulo,SP,,,,,Breve inauguração
Cohama 2,macohama2@spadassobrancelhas.com.br,,São Luís,MA,,,,,Breve inauguração
Moema Pássaros 1,spmoemapassaros1@spadassobrancelhas.com.br,,Contagem,MG,,,,,Breve inauguração
Asa Sul 1,dfasasul1@spadassobrancelhas.com.br,,Brasília,DF,,,,,Breve inauguração
Madalena 1,pemadalena1@spadassobrancelhas.com.br,,Recife,PE,,,,,Breve inauguração
Caminho das Árvores 2,bacaminhodasarvores2@spadassobrancelhas.com.br,"Rua da Alfazema, 752 - Web Hotel Salvador Iguatemi - Loja 29",Salvador,BA,71,3354-9978,,,Inaugurada
Santa Rosa 1,rjsantarosa1@spadassobrancelhas.com.br,,Niterói,RJ,,,,,Breve inauguração
Venda Nova 1,mgvendanova1@spadassobrancelhas.com.br,,Belo Horizonte,MG,,,,,Breve inauguração
Granja Vianna 1,spgranjavianna1@spadassobrancelhas.com.br,,Carapicuíba,SP,,,,,Breve inauguração
Guará 1,dfguara1@spadassobrancelhas.com.br,,Brasília,DF,,,,,Breve inauguração
Piratininga 1,rjpiratininga1@spadassobrancelhas.com.br,,Niterói,RJ,,,,,Breve inauguração
Ariquemes 1,roariquemes1@spadassobrancelhas.com.br,,Ariquemes,RO,,,,,Breve inauguração
Itaim Bibi 1,spitaimbibi1@spadassobrancelhas.com.br,"Rua Pais de Araújo, 29 - Conjunto 34 ",São Paulo,SP,11,2737-3751,11,2737-3753,Inaugurada
Samambaia 1,dfsamambaia1@spadassobrancelhas.com.br,,Samambaia,DF,,,,,Breve inauguração
Ciro Nardi 1,prcironardi1@spadassobrancelhas.com.br,,Cascavel,PR,,,,,Breve inauguração
Gonzaga 2,spgonzaga2@spadassobrancelhas.com.br,"Rua Goitacazes, 13 - Loja 16 ",Santos,SP,, 3284-0600,,,Inaugurada
Limão 1,splimao1@spadassobrancelhas.com.br,,São Paulo,SP,,,,,Breve inauguração
Alto da Glória 1,goaltodagloria1@spadassobrancelhas.com.br,,Goiânia,GO,,,,,Breve inauguração
Vila Hauer 1,prvilahauer1@spadassobrancelhas.com.br,,Curitiba,PR,,,,,Breve inauguração
Jundiaí 2,gojundiai2@spadassobrancelhas.com.br,,Anápolis,GO,,,,,Breve inauguração
São Francisco 1,rjsaofrancisco1@spadassobrancelhas.com.br,,Niterói,RJ,,,,,Breve inauguração
Tambaú ,pbtambau@spadassobrancelhas.com.br,,João Pessoa,PB,,,,,Breve inauguração
Ubá 1,uba1@spadassobrancelhas.com.br,,Ubá,MG,,,,,Breve inauguração
Glória 1,esgloria1@spadassobrancelhas.com.br,,Vila Velha,ES,,,,,Breve inauguração
São José dos Pinhais 1,prsaojosedospinhais1@spadassobrancelhas.com.br,,São José dos Pinhais,PR,,,,,Breve inauguração
Consil 1,mtconsil1@spadassobrancelhas.com.br,,Cuiabá,MT,,,,,Breve inauguração
Jardim Bonfiglioli 1,spjardimbonfiglioli1@spadassobrancelhas.com.br,,São Paulo,SP,,,,,Breve inauguração
Capuchinhos 1,bacapuchinhos1@spadassobrancelhas.com.br,,Feira de Santana,BA,,,,,Breve inauguração
Recanto das Emas 1,dfrecantodasemas1@spadassobrancelhas.com.br,,Brasília,DF,,,,,Breve inauguração
Chácara Santo Antônio 1,spchacarasantoantonio1@spadassobrancelhas.com.br,,São Paulo,SP,,,,,Breve inauguração
Asa Norte 2 ,dfasanorte2@spadassobrancelhas.com.br,,Brasília,DF,,,,,Breve inauguração
Vila Industrial,spvilaindustrial@spadassobrancelhas.com.br,,Concórdia,SP,,,,,Breve inauguração
Riacho Fundo,dfriachofundo@spadassobrancelhas.com.br,,Brasília,DF,,,,,Breve inauguração
Floresta 1,rsfloresta1@spadassobrancelhas.com.br,,Porto Alegre,RS,,,,,Breve inauguração
Ilha do Leite 2,peilhadoleite2@spadassobrancelhas.com.br,,Recife,PE,,,,,Breve inauguração
Cidade Nova 1,bacidadenova1@spadassobrancelhas.com.br,,Ilhéus,BA,,,,,Breve inauguração
Setor de Diversões Norte,dfsdn1@spadassobrancelhas.com.br,,Brasília,DF,,,,,Breve inauguração
Itapoa 1,mgitapoa1@spadassobrancelhas.com.br,,Belo Horizonte,MG,,,,,Breve inauguração
Tristeza 1,rstristeza1@spadassobrancelhas.com.br,,Porto Alegre,RS,,,,,Breve inauguração
Sion 1,mgsion1@spadassobrancelhas.com.br,,Belo Horizonte,MG,,,,,Breve inauguração
Jardim Paulista 1,spjdpaulista1@spadassobrancelhas.com.br,,São Paulo,SP,,,,,Breve inauguração
Concórdia 1,scconcordia1@spadassobrancelhas.com.br,,Concórdia,SC,,,,,Breve inauguração
Jardim Europa 1,spjdeuropa1@spadassobrancelhas.com.br,,São Paulo,SP,,,,,Breve inauguração
Governador Valadares 1,mggovvaladares1@spadassobrancelhas.com.br,,Governador Valadares,MG,,,,,Breve inauguração
Bacabal 1,mabacabal1@spadassobrancelhas.com.br,,Bacabal,MA,,,,,Breve inauguração
Maringá 3,prmaringa3@spadassobrancelhas.com.br,,Maringá,PR,,,,,Breve inauguração
Luxemburgo 1,mgluxemburgo1@spadassobrancelhas.com.br,,Belo Horizonte,MG,,,,,Breve inauguração
Real Parque 1,sprealparque1@spadassobrancelhas.com.br,,São Paulo,SP,,,,,Breve inauguração
Rochdale,sprochdale1@spadassobrancelhas.com.br,,São Paulo,SP,,,,,Breve inauguração
Méier 1,spameier@spadassobrancelhas.com.br,"Rua Dias da Cruz, 445 - Sala 305/306 ",Rio de Janeiro,RJ,21,3474-5704,21,3281-6613,Inaugurada